track_code,surface,distance_raw,distance_f,win_time_secs,win_time_str,race_date,source_page,year
ALB,D,5F,5.0,56.02,:56.02,8-Oct-25,1203,2025
ATO,D,6F,6.0,76.6,1:16.60,16-Aug-25,1203,2025
ALB,D,5 1/2F,5.5,62.55,1:02.55,4-Oct-25,1203,2025
ALB,D,6F,6.0,68.05,1:08.05,4-Oct-25,1203,2025
ALB,D,6 1/2F,6.5,74.57,1:14.57,19-Oct-25,1203,2025
ALB,D,7F,7.0,80.45,1:20.45,25-Oct-25,1203,2025
BAQ,D,5F,5.0,58.38,:58.38,3-May-25,1203,2025
ALB,D,1M,8.0,95.19,1:35.19,10-Sep-25,1203,2025
BAQ,D,5 1/2F,5.5,64.73,1:04.73,12-Jun-25,1203,2025
ALB,D,1 1/16M,8.5,103.29,1:43.29,5-Oct-25,1203,2025
BAQ,D,6F,6.0,68.8,1:08.80,15-Jun-25,1203,2025
ALB,D,1 1/8M,9.0,109.35,1:49.35,11-Oct-25,1203,2025
BAQ,D,6 1/2F,6.5,73.86,1:13.86,13-Jun-25,1203,2025
BAQ,D,7F,7.0,81.6,1:21.60,22-Jun-25,1203,2025
BAQ,D,1M,8.0,93.45,1:33.45,4-Oct-25,1203,2025
BAQ,D,1 1/8M,9.0,108.11,1:48.11,27-Sep-25,1203,2025
AQU,D,6F,6.0,69.04,1:09.04,20-Nov-25,1203,2025
BAQ,D,1 3/16M,9.5,115.29,1:55.29,9-May-25,1203,2025
AQU,D,6 1/2F,6.5,75.65,1:15.65,7-Nov-25,1203,2025
BAQ,D,1 1/4M,10.0,121.58,2:01.58,23-May-25,1203,2025
AQU,D,7F,7.0,81.39,1:21.39,15-Nov-25,1203,2025
AQU,D,1M,8.0,93.5,1:33.50,4-Dec-25,1203,2025
AQU,D,1 1/8M,9.0,107.41,1:47.41,20-Nov-25,1203,2025
BAQ,T,6F,6.0,67.09,1:07.09,12-Jun-25,1203,2025
AQU,D,1 3/16M,9.5,115.29,1:55.29,3-Apr-25,1203,2025
BAQ,T,1M,8.0,94.51,1:34.51,20-Sep-25,1203,2025
AQU,D,1 1/4M,10.0,121.69,2:01.69,5-Apr-25,1203,2025
BAQ,T,1 1/16M,8.5,100.21,1:40.21,29-Jun-25,1203,2025
AQU,D,1 3/8M,11.0,139.42,2:19.42,29-Mar-25,1203,2025
BAQ,T,1 1/8M,9.0,105.6,1:45.60,13-Jun-25,1203,2025
BAQ,T,1 3/16M,9.5,113.45,1:53.45,17-Oct-25,1203,2025
BAQ,T,1 3/8M,11.0,134.45,2:14.45,4-Oct-25,1203,2025
AQU,T,6F,6.0,67.31,1:07.31,25-Apr-25,1203,2025
BAQ,T,1 1/2M,12.0,145.72,2:25.72,27-Sep-25,1203,2025
AQU,T,1M,8.0,95.63,1:35.63,6-Nov-25,1203,2025
AQU,T,1 1/16M,8.5,102.27,1:42.27,6-Nov-25,1203,2025
AQU,T,1 1/8M,9.0,108.23,1:48.23,8-Nov-25,1203,2025
AQU,T,1 1/8M,9.0,108.23,1:48.23,15-Nov-25,1203,2025
AQU,T,1 3/16M,9.5,116.09,1:56.09,13-Nov-25,1203,2025
BKF,D,5F,5.0,62.0,1:02.00,1-Sep-25,1203,2025
AQU,T,1 3/8M,11.0,137.07,2:17.07,8-Nov-25,1203,2025
BKF,D,5 1/2F,5.5,69.3,1:09.30,6-Sep-25,1203,2025
BKF,D,6F,6.0,73.3,1:13.30,31-Aug-25,1203,2025
ARP,D,4 1/2F,4.5,51.39,:51.39,5-Oct-25,1203,2025
ARP,D,5F,5.0,57.64,:57.64,18-Oct-25,1203,2025
ARP,D,5 1/2F,5.5,63.6,1:03.60,25-Oct-25,1203,2025
ARP,D,6F,6.0,70.18,1:10.18,16-Nov-25,1203,2025
ARP,D,7F,7.0,84.18,1:24.18,11-Oct-25,1203,2025
BTP,D,4 1/2F,4.5,52.35,:52.35,14-Aug-25,1203,2025
ARP,D,1M,8.0,100.71,1:40.71,8-Nov-25,1203,2025
BTP,D,5F,5.0,57.88,:57.88,26-Sep-25,1203,2025
BTP,D,5 1/2F,5.5,64.27,1:04.27,7-Oct-25,1203,2025
ARP,D,1 1/16M,8.5,108.48,1:48.48,16-Nov-25,1203,2025
BTP,D,6F,6.0,70.03,1:10.03,30-May-25,1203,2025
ARP,D,1 1/8M,9.0,115.83,1:55.83,16-Nov-25,1203,2025
BTP,D,6 1/2F,6.5,76.94,1:16.94,11-Sep-25,1203,2025
BTP,D,1M,8.0,98.24,1:38.24,3-May-25,1203,2025
BTP,D,1 1/16M,8.5,105.76,1:45.76,3-Oct-25,1203,2025
ASD,D,4 1/2F,4.5,54.41,:54.41,5-Aug-25,1203,2025
BTP,D,1 1/8M,9.0,112.32,1:52.32,21-Aug-25,1203,2025
ASD,D,5F,5.0,59.59,:59.59,30-Jul-25,1203,2025
ASD,D,5 1/2F,5.5,65.29,1:05.29,8-Jul-25,1203,2025
ASD,D,6F,6.0,71.36,1:11.36,19-Aug-25,1203,2025
BTP,T,5F,5.0,55.64,:55.64,30-Aug-25,1203,2025
ASD,D,7F,7.0,86.86,1:26.86,7-Oct-25,1203,2025
BTP,T,1M,8.0,95.08,1:35.08,2-Oct-25,1203,2025
ASD,D,7 1/2F,7.5,93.01,1:33.01,20-Aug-25,1203,2025
BTP,T,1 1/16M,8.5,102.15,1:42.15,27-Aug-25,1203,2025
ASD,D,1M,8.0,99.63,1:39.63,4-Aug-25,1203,2025
ASD,D,1 1/16M,8.5,105.69,1:45.69,26-Aug-25,1203,2025
ASD,D,1 1/8M,9.0,113.93,1:53.93,4-Aug-25,1203,2025
CBY,D,4 1/2F,4.5,52.27,:52.27,10-Jul-25,1204,2025
CNL,T,5F,5.0,56.43,:56.43,23-Aug-25,1204,2025
CBY,D,5F,5.0,57.56,:57.56,29-Jun-25,1204,2025
CNL,T,5 1/2F,5.5,61.49,1:01.49,3-Sep-25,1204,2025
CBY,D,5 1/2F,5.5,63.14,1:03.14,29-Jun-25,1204,2025
CNL,T,1M,8.0,94.49,1:34.49,13-Sep-25,1204,2025
CBY,D,6F,6.0,69.54,1:09.54,1-Jun-25,1204,2025
CNL,T,1 1/16M,8.5,99.92,1:39.92,9-Aug-25,1204,2025
CBY,D,7F,7.0,82.74,1:22.74,9-Jul-25,1204,2025
CNL,T,1 1/8M,9.0,105.76,1:45.76,15-Aug-25,1204,2025
CBY,D,1M,8.0,97.34,1:37.34,21-Aug-25,1204,2025
CNL,T,1 3/16M,9.5,113.74,1:53.74,9-Aug-25,1204,2025
CNL,T,1 1/4M,10.0,119.58,1:59.58,9-Aug-25,1204,2025
CBY,D,1 1/16M,8.5,105.59,1:45.59,9-Aug-25,1204,2025
CNL,T,1 1/2M,12.0,147.55,2:27.55,6-Sep-25,1204,2025
CNL,T,2M,16.0,221.97,3:41.97,11-Sep-25,1204,2025
CBY,T,5F,5.0,55.12,:55.12,31-May-25,1204,2025
CBY,T,7 1/2F,7.5,87.76,1:27.76,12-Jul-25,1204,2025
CBY,T,1M,8.0,93.56,1:33.56,1-Jun-25,1204,2025
CPW,D,4 1/2F,4.5,54.4,:54.40,21-Jun-25,1204,2025
CPW,D,5F,5.0,60.2,1:00.20,14-Jun-25,1204,2025
CBY,T,1 1/16M,8.5,101.69,1:41.69,3-Aug-25,1204,2025
CPW,D,5 1/2F,5.5,67.3,1:07.30,22-Jun-25,1204,2025
CPW,D,5 1/2F,5.5,67.3,1:07.30,29-Jun-25,1204,2025
CPW,D,6 1/2F,6.5,80.3,1:20.30,28-Jun-25,1204,2025
CD,D,4 1/2F,4.5,51.34,:51.34,30-Apr-25,1204,2025
CD,D,5F,5.0,57.41,:57.41,6-Jun-25,1204,2025
CPW,D,1M,8.0,101.4,1:41.40,29-Jun-25,1204,2025
CD,D,5 1/2F,5.5,63.27,1:03.27,1-Jun-25,1204,2025
CD,D,6F,6.0,67.79,1:07.79,13-Jun-25,1204,2025
CD,D,6 1/2F,6.5,74.8,1:14.80,29-May-25,1204,2025
CD,D,7F,7.0,80.77,1:20.77,29-Jun-25,1204,2025
CT,D,4 1/2F,4.5,50.76,:50.76,19-Jun-25,1204,2025
CD,D,7 1/2F,7.5,87.43,1:27.43,15-Jun-25,1204,2025
CT,D,6 1/2F,6.5,77.32,1:17.32,7-Jun-25,1204,2025
CD,D,1M,8.0,94.03,1:34.03,29-Jun-25,1204,2025
CT,D,7F,7.0,84.43,1:24.43,1-Aug-25,1204,2025
CD,D,1 1/16M,8.5,100.66,1:40.66,2-May-25,1204,2025
CT,D,1 1/16M,8.5,105.41,1:45.41,16-May-25,1204,2025
CD,D,1 1/8M,9.0,107.26,1:47.26,17-May-25,1204,2025
CT,D,1 1/8M,9.0,112.67,1:52.67,11-Oct-25,1204,2025
CD,D,1 3/16M,9.5,115.89,1:55.89,20-Sep-25,1204,2025
CD,D,1 1/4M,10.0,122.31,2:02.31,3-May-25,1204,2025
CD,D,1 1/2M,12.0,150.56,2:30.56,30-Apr-25,1204,2025
CTD,D,3 1/2F,3.5,39.43,:39.43,31-Oct-25,1204,2025
CTD,D,6F,6.0,70.73,1:10.73,27-Sep-25,1204,2025
CD,T,5F,5.0,55.18,:55.18,30-Apr-25,1204,2025
CTD,D,6 1/2F,6.5,77.09,1:17.09,31-Oct-25,1204,2025
CTD,D,7F,7.0,82.87,1:22.87,4-Oct-25,1204,2025
CD,T,5 1/2F,5.5,60.96,1:00.96,24-May-25,1204,2025
CTD,D,7 1/2F,7.5,91.03,1:31.03,3-Oct-25,1204,2025
CD,T,1M,8.0,92.91,1:32.91,30-Apr-25,1204,2025
CTD,D,1 1/16M,8.5,104.52,1:44.52,26-Sep-25,1204,2025
CTD,D,1 1/8M,9.0,111.88,1:51.88,1-Nov-25,1204,2025
CD,T,1 1/16M,8.5,99.82,1:39.82,20-Jun-25,1204,2025
CD,T,1 1/8M,9.0,105.51,1:45.51,2-May-25,1204,2025
CTM,D,4 1/2F,4.5,51.59,:51.59,27-Jun-25,1204,2025
CD,T,1 3/8M,11.0,131.73,2:11.73,12-Jun-25,1204,2025
CTM,D,5F,5.0,57.3,:57.30,9-May-25,1204,2025
CD,T,1 1/2M,12.0,146.7,2:26.70,17-May-25,1204,2025
CTM,D,5 1/2F,5.5,62.97,1:02.97,16-May-25,1204,2025
CTM,D,6F,6.0,68.39,1:08.39,1-Aug-25,1204,2025
CNL,D,5F,5.0,57.81,:57.81,12-Sep-25,1204,2025
CTM,D,6 1/2F,6.5,75.68,1:15.68,1-Aug-25,1204,2025
CNL,D,5 1/2F,5.5,62.61,1:02.61,7-Aug-25,1204,2025
CTM,D,7F,7.0,82.02,1:22.02,27-Jun-25,1204,2025
CNL,D,6F,6.0,68.14,1:08.14,15-Mar-25,1204,2025
CNL,D,6 1/2F,6.5,76.76,1:16.76,12-Sep-25,1204,2025
CTM,D,1 1/16M,8.5,102.76,1:42.76,2-Aug-25,1204,2025
CNL,D,7F,7.0,80.03,1:20.03,14-Mar-25,1204,2025
CTM,D,1 1/8M,9.0,109.4,1:49.40,12-Jul-25,1204,2025
CNL,D,1M,8.0,93.55,1:33.55,9-Aug-25,1204,2025
CTM,D,1 1/4M,10.0,123.64,2:03.64,23-Aug-25,1204,2025
CNL,D,1 1/16M,8.5,101.24,1:41.24,26-Jul-25,1204,2025
CTM,D,1 5/8M,13.0,167.85,2:47.85,23-Aug-25,1204,2025
CNL,D,1 1/8M,9.0,106.41,1:46.41,15-Mar-25,1204,2025
DED,D,4F,4.0,45.65,:45.65,10-Oct-25,1205,2025
EDR,D,4F,4.0,48.03,:48.03,18-May-25,1205,2025
DED,D,5F,5.0,57.7,:57.70,3-Jan-25,1205,2025
EDR,D,5F,5.0,59.1,:59.10,15-Jun-25,1205,2025
DED,D,6 1/2F,6.5,78.51,1:18.51,16-Oct-25,1205,2025
EDR,D,5 1/2F,5.5,65.7,1:05.70,31-May-25,1205,2025
DED,D,7F,7.0,84.27,1:24.27,11-Oct-25,1205,2025
EDR,D,6 1/2F,6.5,81.22,1:21.22,22-Jun-25,1205,2025
DED,D,7 1/2F,7.5,92.36,1:32.36,30-Oct-25,1205,2025
EDR,D,7F,7.0,88.4,1:28.40,8-Jun-25,1205,2025
DED,D,1M,8.0,96.94,1:36.94,8-Nov-25,1205,2025
EDR,D,1M,8.0,100.7,1:40.70,22-Jun-25,1205,2025
DED,D,1 1/16M,8.5,104.4,1:44.40,1-Feb-25,1205,2025
ELK,D,3 1/2F,3.5,42.2,:42.20,31-Aug-25,1205,2025
ELK,D,5 1/2F,5.5,66.0,1:06.00,23-Aug-25,1205,2025
DEL,D,5F,5.0,57.34,:57.34,16-Jul-25,1205,2025
ELK,D,5 1/2F,5.5,66.0,1:06.00,31-Aug-25,1205,2025
DEL,D,5 1/2F,5.5,63.55,1:03.55,16-Jul-25,1205,2025
ELK,D,6F,6.0,72.4,1:12.40,30-Aug-25,1205,2025
DEL,D,6F,6.0,68.96,1:08.96,11-Jul-25,1205,2025
ELK,D,6 1/2F,6.5,80.5,1:20.50,30-Aug-25,1205,2025
DEL,D,1M,8.0,96.86,1:36.86,12-Jun-25,1205,2025
ELK,D,7F,7.0,85.1,1:25.10,23-Aug-25,1205,2025
ELK,D,1M,8.0,101.1,1:41.10,1-Sep-25,1205,2025
DEL,D,1 1/16M,8.5,103.57,1:43.57,14-Jun-25,1205,2025
DEL,D,1 1/8M,9.0,110.91,1:50.91,28-Sep-25,1205,2025
ELP,D,5 1/2F,5.5,63.54,1:03.54,12-Jul-25,1205,2025
DEL,T,5F,5.0,56.46,:56.46,4-Oct-25,1205,2025
ELP,D,6F,6.0,68.82,1:08.82,17-Aug-25,1205,2025
ELP,D,6 1/2F,6.5,74.81,1:14.81,14-Jul-25,1205,2025
DEL,T,7 1/2F,7.5,91.87,1:31.87,18-Sep-25,1205,2025
ELP,D,7F,7.0,80.7,1:20.70,3-Jul-25,1205,2025
ELP,D,1M,8.0,94.73,1:34.73,10-Aug-25,1205,2025
DEL,T,1M,8.0,96.36,1:36.36,4-Oct-25,1205,2025
ELP,D,1 1/8M,9.0,109.99,1:49.99,11-Aug-25,1205,2025
ELP,D,1 1/4M,10.0,123.49,2:03.49,19-Jul-25,1205,2025
DEL,T,1 1/16M,8.5,102.58,1:42.58,14-Jun-25,1205,2025
ELP,T,5 1/2F,5.5,59.75,:59.75,8-Aug-25,1205,2025
ELP,T,1M,8.0,91.76,1:31.76,2-Aug-25,1205,2025
DEL,T,1 1/8M,9.0,110.73,1:50.73,27-Sep-25,1205,2025
ELP,T,1 1/16M,8.5,98.09,1:38.09,8-Aug-25,1205,2025
ELP,T,1 1/8M,9.0,105.64,1:45.64,3-Aug-25,1205,2025
DEL,T,1 1/2M,12.0,147.61,2:27.61,14-Jun-25,1205,2025
ELP,T,1 1/4M,10.0,118.6,1:58.60,3-Aug-25,1205,2025
DMR,D,5F,5.0,56.72,:56.72,23-Nov-25,1205,2025
ELY,D,4 1/2F,4.5,55.5,:55.50,15-Aug-25,1205,2025
DMR,D,5 1/2F,5.5,62.63,1:02.63,26-Jul-25,1205,2025
ELY,D,5F,5.0,60.5,1:00.50,15-Aug-25,1205,2025
DMR,D,6F,6.0,68.2,1:08.20,1-Nov-25,1205,2025
ELY,D,5 1/2F,5.5,66.1,1:06.10,17-Aug-25,1205,2025
DMR,D,6 1/2F,6.5,74.83,1:14.83,14-Nov-25,1205,2025
ELY,D,6F,6.0,73.1,1:13.10,16-Aug-25,1205,2025
DMR,D,7F,7.0,81.53,1:21.53,23-Aug-25,1205,2025
ELY,D,7F,7.0,86.9,1:26.90,16-Aug-25,1205,2025
DMR,D,1M,8.0,94.55,1:34.55,1-Sep-25,1205,2025
DMR,D,1 1/16M,8.5,102.25,1:42.25,31-Oct-25,1205,2025
DMR,D,1 1/8M,9.0,108.07,1:48.07,1-Nov-25,1205,2025
DMR,D,1 1/4M,10.0,120.19,2:00.19,1-Nov-25,1205,2025
EMD,D,5F,5.0,55.98,:55.98,24-Aug-25,1205,2025
EMD,D,5 1/2F,5.5,61.84,1:01.84,25-May-25,1205,2025
DMR,T,5F,5.0,55.24,:55.24,1-Nov-25,1205,2025
EMD,D,6F,6.0,67.59,1:07.59,14-Jun-25,1205,2025
DMR,T,1M,8.0,93.66,1:33.66,1-Nov-25,1205,2025
EMD,D,6 1/2F,6.5,74.05,1:14.05,28-Jun-25,1205,2025
DMR,T,1 1/16M,8.5,101.28,1:41.28,2-Aug-25,1205,2025
EMD,D,1M,8.0,93.85,1:33.85,29-Jun-25,1205,2025
DMR,T,1 1/8M,9.0,108.45,1:48.45,16-Aug-25,1205,2025
DMR,T,1 3/8M,11.0,132.54,2:12.54,1-Nov-25,1205,2025
EMD,D,1 1/16M,8.5,100.98,1:40.98,17-Aug-25,1205,2025
DMR,T,1 1/2M,12.0,145.45,2:25.45,1-Nov-25,1205,2025
EVD,D,4 1/2F,4.5,52.86,:52.86,7-Jun-25,1206,2025
FG,D,5F,5.0,58.41,:58.41,8-Mar-25,1206,2025
EVD,D,5F,5.0,57.29,:57.29,16-Aug-25,1206,2025
FG,D,5 1/2F,5.5,63.12,1:03.12,8-Mar-25,1206,2025
EVD,D,5 1/2F,5.5,63.07,1:03.07,7-Jun-25,1206,2025
FG,D,6F,6.0,68.97,1:08.97,22-Feb-25,1206,2025
EVD,D,6F,6.0,70.17,1:10.17,26-Jun-25,1206,2025
FG,D,1M,8.0,97.25,1:37.25,18-Mar-25,1206,2025
EVD,D,6 1/2F,6.5,76.43,1:16.43,27-Jun-25,1206,2025
EVD,D,7F,7.0,82.86,1:22.86,26-Apr-25,1206,2025
FG,D,1 1/16M,8.5,102.23,1:42.23,1-Mar-25,1206,2025
EVD,D,1M,8.0,96.06,1:36.06,3-May-25,1206,2025
FG,D,1 1/8M,9.0,108.1,1:48.10,22-Mar-25,1206,2025
FG,D,1 3/16M,9.5,116.2,1:56.20,22-Mar-25,1206,2025
EVD,D,1 1/16M,8.5,104.89,1:44.89,30-Aug-25,1206,2025
FG,T,5F,5.0,56.02,:56.02,20-Nov-25,1206,2025
EVD,T,5F,5.0,56.39,:56.39,3-Jul-25,1206,2025
FG,T,5 1/2F,5.5,61.96,1:01.96,21-Dec-25,1206,2025
EVD,T,7 1/2F,7.5,89.22,1:29.22,23-Aug-25,1206,2025
FG,T,7 1/2F,7.5,90.73,1:30.73,26-Dec-25,1206,2025
EVD,T,1M,8.0,95.76,1:35.76,5-Jul-25,1206,2025
FG,T,1M,8.0,94.58,1:34.58,27-Dec-25,1206,2025
EVD,T,1 1/16M,8.5,102.92,1:42.92,5-Jul-25,1206,2025
FG,T,1 1/16M,8.5,100.49,1:40.49,27-Nov-25,1206,2025
FG,T,1 1/8M,9.0,110.44,1:50.44,15-Feb-25,1206,2025
FH,T,2M,16.0,214.8,3:34.80,18-Oct-25,1206,2025
FAR,D,4F,4.0,47.1,:47.10,2-Aug-25,1206,2025
FAR,D,4 1/2F,4.5,53.0,:53.00,18-Jul-25,1206,2025
FAR,D,5F,5.0,59.1,:59.10,13-Jul-25,1206,2025
FL,D,4 1/2F,4.5,52.13,:52.13,28-Apr-25,1206,2025
FAR,D,5 1/2F,5.5,65.3,1:05.30,13-Jul-25,1206,2025
FL,D,5F,5.0,58.51,:58.51,6-May-25,1206,2025
FAR,D,6F,6.0,72.4,1:12.40,13-Jul-25,1206,2025
FL,D,5 1/2F,5.5,63.83,1:03.83,17-Jun-25,1206,2025
FAR,D,7F,7.0,89.0,1:29.00,25-Jul-25,1206,2025
FL,D,6F,6.0,70.22,1:10.22,28-Jul-25,1206,2025
FAR,D,1M,8.0,100.0,1:40.00,3-Aug-25,1206,2025
FL,D,1M,8.0,98.53,1:38.53,19-Nov-25,1206,2025
FL,D,1 1/16M,8.5,104.66,1:44.66,14-Jul-25,1206,2025
FE,D,5F,5.0,56.53,:56.53,15-Sep-25,1206,2025
FL,D,1 1/8M,9.0,112.68,1:52.68,28-Oct-25,1206,2025
FE,D,5 1/2F,5.5,62.76,1:02.76,15-Jun-25,1206,2025
FL,D,1 1/4M,10.0,125.31,2:05.31,22-Sep-25,1206,2025
FE,D,6F,6.0,69.31,1:09.31,30-Sep-25,1206,2025
FE,D,6 1/2F,6.5,74.33,1:14.33,29-Sep-25,1206,2025
FE,D,1 1/16M,8.5,104.0,1:44.00,7-Jul-25,1206,2025
FMT,D,4F,4.0,45.48,:45.48,25-Jun-25,1206,2025
FE,D,1 1/8M,9.0,110.52,1:50.52,16-Sep-25,1206,2025
FMT,D,5 1/2F,5.5,66.27,1:06.27,18-Jun-25,1206,2025
FE,D,1 3/16M,9.5,115.64,1:55.64,9-Sep-25,1206,2025
FMT,D,6F,6.0,73.52,1:13.52,4-Jun-25,1206,2025
FMT,D,6 1/2F,6.5,79.26,1:19.26,17-Jul-25,1206,2025
FMT,D,1M,8.0,101.0,1:41.00,12-Jun-25,1206,2025
FE,T,5F,5.0,57.47,:57.47,16-Sep-25,1206,2025
FE,T,1M,8.0,97.12,1:37.12,16-Sep-25,1206,2025
FON,D,4F,4.0,44.8,:44.80,1-Mar-25,1206,2025
FON,D,6F,6.0,71.4,1:11.40,29-Mar-25,1206,2025
FE,T,1 1/16M,8.5,104.85,1:44.85,1-Sep-25,1206,2025
FON,D,6F,6.0,71.4,1:11.40,13-Apr-25,1206,2025
FON,D,6 1/2F,6.5,78.2,1:18.20,15-Mar-25,1207,2025
FON,D,6 1/2F,6.5,78.2,1:18.20,5-Apr-25,1207,2025
GPX,T,5F,5.0,53.98,:53.98,16-May-25,1207,2025
FON,D,6 1/2F,6.5,78.2,1:18.20,13-Apr-25,1207,2025
GPX,T,7 1/2F,7.5,86.48,1:26.48,29-Mar-25,1207,2025
FON,D,6 1/2F,6.5,78.2,1:18.20,26-Apr-25,1207,2025
GPX,T,1M,8.0,91.81,1:31.81,26-Dec-25,1207,2025
FON,D,1M,8.0,99.0,1:39.00,5-Apr-25,1207,2025
GPX,T,1 1/16M,8.5,98.01,1:38.01,29-Mar-25,1207,2025
GPX,T,1 1/8M,9.0,103.42,1:43.42,20-Dec-25,1207,2025
FON,D,1 1/16M,8.5,104.6,1:44.60,26-Apr-25,1207,2025
GPX,T,1 3/8M,11.0,131.1,2:11.10,24-Dec-25,1207,2025
GPX,T,1 1/2M,12.0,143.19,2:23.19,29-Mar-25,1207,2025
GPX,T,2M,16.0,199.95,3:19.95,6-Dec-25,1207,2025
FP,D,4 1/2F,4.5,54.49,:54.49,15-Jul-25,1207,2025
GPR,D,3 1/2F,3.5,43.24,:43.24,16-Aug-25,1207,2025
FP,D,5F,5.0,59.38,:59.38,12-Jul-25,1207,2025
GPR,D,4F,4.0,47.55,:47.55,2-Aug-25,1207,2025
FP,D,5 1/2F,5.5,65.02,1:05.02,6-Sep-25,1207,2025
GPR,D,5 1/2F,5.5,66.05,1:06.05,13-Jul-25,1207,2025
FP,D,6F,6.0,70.43,1:10.43,28-Oct-25,1207,2025
GPR,D,6F,6.0,71.36,1:11.36,3-Aug-25,1207,2025
FP,D,1M,8.0,98.53,1:38.53,4-Oct-25,1207,2025
GPR,D,6 1/2F,6.5,78.88,1:18.88,16-Aug-25,1207,2025
GPR,D,7F,7.0,86.43,1:26.43,16-Aug-25,1207,2025
FP,D,1 1/16M,8.5,103.87,1:43.87,19-Sep-25,1207,2025
GPR,D,7 1/2F,7.5,93.01,1:33.01,12-Jul-25,1207,2025
FP,D,1 3/16M,9.5,122.66,2:02.66,28-Oct-25,1207,2025
GPR,D,1M,8.0,98.44,1:38.44,23-Aug-25,1207,2025
GPR,D,1 1/16M,8.5,107.87,1:47.87,3-Aug-25,1207,2025
GPR,D,1 1/8M,9.0,114.98,1:54.98,3-Aug-25,1207,2025
GF,D,5 1/4F,5.25,63.8,1:03.80,12-Jul-25,1207,2025
GRP,D,4 1/2F,4.5,51.13,:51.13,14-Jun-25,1207,2025
GF,D,5 1/4F,5.25,63.8,1:03.80,19-Jul-25,1207,2025
GRP,D,5F,5.0,57.58,:57.58,28-Sep-25,1207,2025
GF,D,7F,7.0,86.8,1:26.80,27-Jul-25,1207,2025
GRP,D,5 1/2F,5.5,62.53,1:02.53,5-Oct-25,1207,2025
GRP,D,6F,6.0,68.4,1:08.40,28-Sep-25,1207,2025
GRP,D,6 1/2F,6.5,75.77,1:15.77,5-Oct-25,1207,2025
GRP,D,1 1/4M,10.0,129.25,2:09.25,13-Oct-25,1207,2025
GIL,D,4F,4.0,45.89,:45.89,10-Aug-25,1207,2025
GIL,D,5 1/2F,5.5,67.12,1:07.12,23-Aug-25,1207,2025
GIL,D,6F,6.0,73.68,1:13.68,20-Jul-25,1207,2025
HAW,D,4 1/2F,4.5,52.03,:52.03,20-Jul-25,1207,2025
GIL,D,7F,7.0,86.06,1:26.06,23-Aug-25,1207,2025
HAW,D,5F,5.0,56.53,:56.53,5-Jun-25,1207,2025
HAW,D,5 1/2F,5.5,62.67,1:02.67,27-Jul-25,1207,2025
HAW,D,6F,6.0,68.73,1:08.73,26-Oct-25,1207,2025
HAW,D,6 1/2F,6.5,75.53,1:15.53,31-Jul-25,1207,2025
GPX,D,4 1/2F,4.5,51.37,:51.37,17-Apr-25,1207,2025
GPX,D,5F,5.0,58.29,:58.29,7-Jun-25,1207,2025
HAW,D,1 1/16M,8.5,103.28,1:43.28,18-Sep-25,1207,2025
GPX,D,5 1/2F,5.5,64.23,1:04.23,29-Aug-25,1207,2025
GPX,D,6F,6.0,68.96,1:08.96,27-Mar-25,1207,2025
GPX,D,6 1/2F,6.5,75.62,1:15.62,4-Jul-25,1207,2025
HAW,T,5F,5.0,56.55,:56.55,29-May-25,1207,2025
GPX,D,7F,7.0,81.89,1:21.89,27-Jul-25,1207,2025
HAW,T,5 1/2F,5.5,62.24,1:02.24,12-Jun-25,1207,2025
GPX,D,1M,8.0,95.82,1:35.82,28-Mar-25,1207,2025
HAW,T,7 1/2F,7.5,89.62,1:29.62,14-Sep-25,1207,2025
GPX,D,1 1/16M,8.5,101.97,1:41.97,29-Mar-25,1207,2025
HAW,T,1M,8.0,94.03,1:34.03,28-Sep-25,1207,2025
GPX,D,1 1/8M,9.0,108.05,1:48.05,25-Jan-25,1207,2025
HAW,T,1 1/16M,8.5,103.07,1:43.07,7-Sep-25,1207,2025
HAW,T,1 1/8M,9.0,108.71,1:48.71,5-Oct-25,1207,2025
HCN,D,5F,5.0,56.83,:56.83,12-Jul-25,1207,2025
HCN,D,6F,6.0,68.15,1:08.15,4-Jul-25,1207,2025
HCN,D,1M,8.0,97.41,1:37.41,27-Jun-25,1207,2025
KD,T,1 1/2M,12.0,144.72,2:24.72,6-Sep-25,1208,2025
HOU,D,5F,5.0,56.98,:56.98,22-Feb-25,1208,2025
KD,T,2 1/16M,16.5,209.58,3:29.58,30-Aug-25,1208,2025
HOU,D,5 1/2F,5.5,64.34,1:04.34,17-Jan-25,1208,2025
HOU,D,6F,6.0,69.9,1:09.90,22-Feb-25,1208,2025
HOU,D,6 1/2F,6.5,77.4,1:17.40,11-Jan-25,1208,2025
KEE,D,4 1/2F,4.5,51.96,:51.96,13-Apr-25,1208,2025
HOU,D,7F,7.0,83.86,1:23.86,15-Feb-25,1208,2025
KEE,D,5 1/2F,5.5,64.35,1:04.35,6-Apr-25,1208,2025
HOU,D,1M,8.0,97.87,1:37.87,8-Feb-25,1208,2025
KEE,D,6F,6.0,69.93,1:09.93,3-Oct-25,1208,2025
KEE,D,6 1/2F,6.5,75.94,1:15.94,12-Apr-25,1208,2025
HOU,D,1 1/16M,8.5,105.53,1:45.53,25-Jan-25,1208,2025
KEE,D,7F,7.0,82.95,1:22.95,15-Oct-25,1208,2025
KEE,D,1M,8.0,97.85,1:37.85,7-Apr-25,1208,2025
HOU,T,5F,5.0,56.57,:56.57,5-Apr-25,1208,2025
KEE,D,1 1/16M,8.5,103.03,1:43.03,10-Apr-25,1208,2025
HOU,T,1M,8.0,95.66,1:35.66,8-Mar-25,1208,2025
KEE,D,1 1/8M,9.0,108.6,1:48.60,25-Apr-25,1208,2025
HOU,T,1 1/16M,8.5,103.15,1:43.15,6-Apr-25,1208,2025
KEE,D,1 3/16M,9.5,119.0,1:59.00,19-Apr-25,1208,2025
HOU,T,1 1/8M,9.0,110.54,1:50.54,15-Mar-25,1208,2025
HOU,T,1 1/2M,12.0,153.05,2:33.05,25-Jan-25,1208,2025
KEE,T,5 1/2F,5.5,61.75,1:01.75,5-Oct-25,1208,2025
KEE,T,1M,8.0,93.61,1:33.61,4-Oct-25,1208,2025
HPO,D,6F,6.0,72.2,1:12.20,18-Jul-25,1208,2025
KEE,T,1 1/16M,8.5,100.35,1:40.35,24-Apr-25,1208,2025
HPO,D,1M,8.0,100.0,1:40.00,26-Jul-25,1208,2025
KEE,T,1 1/8M,9.0,108.01,1:48.01,11-Oct-25,1208,2025
KEE,T,1 3/16M,9.5,115.38,1:55.38,11-Oct-25,1208,2025
KEE,T,1 1/2M,12.0,147.33,2:27.33,12-Oct-25,1208,2025
HST,D,6F,6.0,70.98,1:10.98,10-May-25,1208,2025
HST,D,6 1/2F,6.5,75.13,1:15.13,31-May-25,1208,2025
LA,D,2 1/2F,2.5,25.18,:25.18,22-Feb-25,1208,2025
HST,D,1 1/16M,8.5,102.53,1:42.53,1-Jul-25,1208,2025
LA,D,4 1/2F,4.5,50.72,:50.72,19-Oct-25,1208,2025
HST,D,1 1/8M,9.0,109.11,1:49.11,6-Sep-25,1208,2025
HST,D,1 3/8M,11.0,140.21,2:20.21,4-Aug-25,1208,2025
LAD,D,5F,5.0,58.27,:58.27,15-Jun-25,1208,2025
LAD,D,5 1/2F,5.5,64.19,1:04.19,25-May-25,1208,2025
IND,D,4 1/2F,4.5,52.83,:52.83,8-Sep-25,1208,2025
LAD,D,6F,6.0,69.55,1:09.55,30-Aug-25,1208,2025
IND,D,5F,5.0,56.78,:56.78,13-Aug-25,1208,2025
LAD,D,6 1/2F,6.5,76.61,1:16.61,23-Sep-25,1208,2025
IND,D,5 1/2F,5.5,62.85,1:02.85,3-Jul-25,1208,2025
LAD,D,7F,7.0,83.59,1:23.59,23-Sep-25,1208,2025
IND,D,6F,6.0,68.54,1:08.54,25-Oct-25,1208,2025
IND,D,1M,8.0,95.95,1:35.95,8-Jul-25,1208,2025
LAD,D,1 1/16M,8.5,105.38,1:45.38,30-Aug-25,1208,2025
LAD,D,1 1/8M,9.0,110.78,1:50.78,6-Sep-25,1208,2025
IND,D,1 1/16M,8.5,101.15,1:41.15,5-Jul-25,1208,2025
LAD,T,5F,5.0,56.17,:56.17,17-Sep-25,1208,2025
IND,T,5F,5.0,54.39,:54.39,4-Jul-25,1208,2025
LAD,T,7 1/2F,7.5,89.57,1:29.57,17-Sep-25,1208,2025
IND,T,7 1/2F,7.5,87.88,1:27.88,12-Jul-25,1208,2025
LAD,T,1M,8.0,94.59,1:34.59,12-Aug-25,1208,2025
IND,T,1M,8.0,93.26,1:33.26,2-Jul-25,1208,2025
LAD,T,1 1/16M,8.5,102.87,1:42.87,18-Aug-25,1208,2025
IND,T,1 1/16M,8.5,99.38,1:39.38,5-Jul-25,1208,2025
LAD,T,1 3/8M,11.0,135.43,2:15.43,27-Aug-25,1208,2025
LAD,T,1 1/2M,12.0,149.18,2:29.18,23-Sep-25,1208,2025
KD,T,6F,6.0,67.71,1:07.71,30-Aug-25,1208,2025
LBG,D,5F,5.0,61.64,1:01.64,31-Aug-25,1208,2025
KD,T,6 1/2F,6.5,73.32,1:13.32,4-Sep-25,1208,2025
LBG,D,5 1/2F,5.5,67.66,1:07.66,1-Sep-25,1208,2025
KD,T,6 1/2F,6.5,73.32,1:13.32,10-Sep-25,1208,2025
KD,T,7F,7.0,80.45,1:20.45,10-Sep-25,1208,2025
KD,T,1M,8.0,92.13,1:32.13,10-Sep-25,1208,2025
LBG,D,7F,7.0,83.98,1:23.98,13-Oct-25,1208,2025
LBG,D,1 1/16M,8.5,107.02,1:47.02,28-Sep-25,1208,2025
KD,T,1 5/16M,10.5,125.52,2:05.52,10-Sep-25,1208,2025
LEG,D,5F,5.0,58.6,:58.60,16-May-25,1209,2025
LS,T,5F,5.0,54.91,:54.91,28-Jun-25,1209,2025
LEG,D,5F,5.0,58.6,:58.60,31-May-25,1209,2025
LS,T,7 1/2F,7.5,87.54,1:27.54,8-Jun-25,1209,2025
LEG,D,5F,5.0,58.6,:58.60,1-Jun-25,1209,2025
LS,T,1M,8.0,94.37,1:34.37,13-Jul-25,1209,2025
LEG,D,5 1/2F,5.5,63.8,1:03.80,11-May-25,1209,2025
LS,T,1 1/16M,8.5,100.64,1:40.64,7-Jun-25,1209,2025
LEG,D,5 1/2F,5.5,63.8,1:03.80,17-May-25,1209,2025
LS,T,1 1/8M,9.0,106.58,1:46.58,28-Jun-25,1209,2025
LEG,D,5 1/2F,5.5,63.8,1:03.80,1-Jun-25,1209,2025
LEG,D,7F,7.0,86.0,1:26.00,18-May-25,1209,2025
LEG,D,7F,7.0,86.0,1:26.00,7-Jun-25,1209,2025
MC,D,5 1/4F,5.25,62.2,1:02.20,11-May-25,1209,2025
LEG,D,1M,8.0,98.2,1:38.20,1-Jun-25,1209,2025
MC,D,5 1/4F,5.25,62.2,1:02.20,18-May-25,1209,2025
LRC,D,5F,5.0,56.88,:56.88,7-Dec-25,1209,2025
LRC,D,5 1/2F,5.5,62.75,1:02.75,19-Sep-25,1209,2025
MED,T,5F,5.0,55.48,:55.48,4-Oct-25,1209,2025
LRC,D,6F,6.0,69.01,1:09.01,13-Dec-25,1209,2025
MED,T,1M,8.0,95.22,1:35.22,4-Oct-25,1209,2025
LRC,D,6 1/2F,6.5,74.32,1:14.32,5-Jul-25,1209,2025
MED,T,1 1/16M,8.5,100.68,1:40.68,3-Oct-25,1209,2025
LRC,D,7F,7.0,81.97,1:21.97,14-Dec-25,1209,2025
LRC,D,1M,8.0,95.52,1:35.52,13-Sep-25,1209,2025
LRC,D,1 1/16M,8.5,102.38,1:42.38,13-Dec-25,1209,2025
MIL,D,5F,5.0,63.34,1:03.34,1-Jul-25,1209,2025
LRC,D,1 1/8M,9.0,107.59,1:47.59,28-Jun-25,1209,2025
MIL,D,1 1/8M,9.0,118.05,1:58.05,1-Jul-25,1209,2025
LRL,D,4 1/2F,4.5,52.55,:52.55,3-May-25,1209,2025
MNR,D,2F,2.0,21.92,:21.92,8-Jul-25,1209,2025
LRL,D,5F,5.0,59.43,:59.43,5-Sep-25,1209,2025
MNR,D,4 1/2F,4.5,51.39,:51.39,9-Dec-25,1209,2025
LRL,D,5 1/2F,5.5,64.21,1:04.21,23-Mar-25,1209,2025
MNR,D,5F,5.0,56.85,:56.85,9-Dec-25,1209,2025
LRL,D,6F,6.0,69.63,1:09.63,20-Sep-25,1209,2025
MNR,D,5 1/2F,5.5,63.95,1:03.95,18-Nov-25,1209,2025
LRL,D,6 1/2F,6.5,77.5,1:17.50,28-Jun-25,1209,2025
MNR,D,6F,6.0,70.37,1:10.37,23-Nov-25,1209,2025
LRL,D,7F,7.0,83.76,1:23.76,15-Feb-25,1209,2025
MNR,D,1M,8.0,98.14,1:38.14,9-Dec-25,1209,2025
LRL,D,1M,8.0,97.23,1:37.23,7-Sep-25,1209,2025
LRL,D,1 1/16M,8.5,103.31,1:43.31,3-May-25,1209,2025
MNR,D,1 1/16M,8.5,103.63,1:43.63,3-Aug-25,1209,2025
LRL,D,1 1/8M,9.0,111.09,1:51.09,11-Oct-25,1209,2025
MNR,D,1 1/8M,9.0,110.97,1:50.97,3-Aug-25,1209,2025
LRL,T,5 1/2F,5.5,61.63,1:01.63,28-Jun-25,1209,2025
MNR,T,4 1/2F,4.5,50.4,:50.40,4-Aug-25,1209,2025
LRL,T,6F,6.0,68.63,1:08.63,13-Sep-25,1209,2025
MNR,T,4 1/2F,4.5,50.4,:50.40,5-Aug-25,1209,2025
LRL,T,1M,8.0,94.29,1:34.29,3-May-25,1209,2025
MNR,T,5F,5.0,55.42,:55.42,18-Aug-25,1209,2025
LRL,T,1 1/16M,8.5,99.95,1:39.95,27-Jun-25,1209,2025
MNR,T,7F,7.0,81.55,1:21.55,19-Aug-25,1209,2025
LRL,T,1 1/8M,9.0,105.83,1:45.83,28-Jun-25,1209,2025
MNR,T,7 1/2F,7.5,88.17,1:28.17,3-Sep-25,1209,2025
LRL,T,1 3/8M,11.0,138.22,2:18.22,20-Sep-25,1209,2025
MNR,T,1M,8.0,94.18,1:34.18,3-Aug-25,1209,2025
LRL,T,1 1/2M,12.0,150.72,2:30.72,20-Sep-25,1209,2025
MNR,T,1 3/8M,11.0,134.05,2:14.05,4-Aug-25,1209,2025
LS,D,4 1/2F,4.5,51.42,:51.42,30-May-25,1209,2025
LS,D,5F,5.0,57.91,:57.91,6-Jul-25,1209,2025
MTH,D,4 1/2F,4.5,53.21,:53.21,1-Jun-25,1209,2025
LS,D,5 1/2F,5.5,63.72,1:03.72,14-Jun-25,1209,2025
MTH,D,5F,5.0,57.98,:57.98,31-Aug-25,1209,2025
LS,D,6F,6.0,69.76,1:09.76,19-Apr-25,1209,2025
MTH,D,5 1/2F,5.5,63.43,1:03.43,20-Jul-25,1209,2025
LS,D,6 1/2F,6.5,76.38,1:16.38,8-Jun-25,1209,2025
MTH,D,6F,6.0,68.81,1:08.81,10-May-25,1209,2025
LS,D,7F,7.0,83.5,1:23.50,5-Jul-25,1209,2025
MTH,D,1M,8.0,96.04,1:36.04,4-Jul-25,1209,2025
LS,D,1M,8.0,96.91,1:36.91,11-Jul-25,1209,2025
LS,D,1 1/16M,8.5,104.34,1:44.34,12-Jul-25,1209,2025
MTH,D,1 1/16M,8.5,102.75,1:42.75,19-Jul-25,1209,2025
LS,D,1 1/8M,9.0,114.25,1:54.25,4-Jul-25,1209,2025
MTH,D,1 1/8M,9.0,108.15,1:48.15,19-Jul-25,1209,2025
MTH,T,5F,5.0,56.39,:56.39,20-Jun-25,1210,2025
PID,D,4 1/2F,4.5,51.3,:51.30,18-Jun-25,1210,2025
MTH,T,5 1/2F,5.5,62.94,1:02.94,26-Jul-25,1210,2025
PID,D,5F,5.0,57.25,:57.25,29-Sep-25,1210,2025
PID,D,5 1/2F,5.5,63.13,1:03.13,21-May-25,1210,2025
MTH,T,1M,8.0,94.52,1:34.52,1-Sep-25,1210,2025
PID,D,6F,6.0,67.99,1:07.99,3-Sep-25,1210,2025
MTH,T,1 1/16M,8.5,101.88,1:41.88,11-May-25,1210,2025
PID,D,6 1/2F,6.5,74.45,1:14.45,19-Sep-25,1210,2025
MTH,T,1 1/8M,9.0,108.28,1:48.28,3-Aug-25,1210,2025
PID,D,1M,8.0,95.21,1:35.21,19-Aug-25,1210,2025
MTH,T,1 3/8M,11.0,133.75,2:13.75,19-Jul-25,1210,2025
PID,D,1 1/16M,8.5,101.43,1:41.43,15-Aug-25,1210,2025
PID,D,1 1/8M,9.0,108.78,1:48.78,20-Aug-25,1210,2025
PID,D,1 1/4M,10.0,123.2,2:03.20,19-Sep-25,1210,2025
MVR,D,2F,2.0,21.47,:21.47,2-Apr-25,1210,2025
MVR,D,5F,5.0,57.6,:57.60,8-Feb-25,1210,2025
MVR,D,5 1/2F,5.5,63.01,1:03.01,20-Dec-25,1210,2025
MVR,D,6F,6.0,69.51,1:09.51,20-Dec-25,1210,2025
PIM,D,5F,5.0,58.65,:58.65,9-May-25,1210,2025
MVR,D,1M,8.0,96.72,1:36.72,22-Dec-25,1210,2025
PIM,D,6F,6.0,70.39,1:10.39,17-May-25,1210,2025
PIM,D,1 1/16M,8.5,103.8,1:43.80,17-May-25,1210,2025
MVR,D,1 1/16M,8.5,105.04,1:45.04,25-Oct-25,1210,2025
PIM,D,1 1/8M,9.0,110.47,1:50.47,16-May-25,1210,2025
MVR,D,1 1/8M,9.0,114.55,1:54.55,25-Oct-25,1210,2025
MVR,D,1 1/4M,10.0,124.37,2:04.37,25-Oct-25,1210,2025
PIM,D,1 3/16M,9.5,115.47,1:55.47,17-May-25,1210,2025
PIM,T,5F,5.0,55.96,:55.96,11-May-25,1210,2025
ONE,D,5 1/2F,5.5,65.6,1:05.60,3-Aug-25,1210,2025
PIM,T,1M,8.0,99.0,1:39.00,10-May-25,1210,2025
ONE,D,5 1/2F,5.5,65.6,1:05.60,10-Aug-25,1210,2025
PIM,T,1 1/16M,8.5,106.92,1:46.92,17-May-25,1210,2025
PIM,T,1 1/8M,9.0,109.04,1:49.04,10-May-25,1210,2025
OP,D,5 1/2F,5.5,62.93,1:02.93,7-Mar-25,1210,2025
POD,D,5F,5.0,59.6,:59.60,11-Jul-25,1210,2025
OP,D,6F,6.0,68.15,1:08.15,2-May-25,1210,2025
OP,D,1M,8.0,95.52,1:35.52,26-Dec-25,1210,2025
OP,D,1 1/16M,8.5,101.88,1:41.88,23-Feb-25,1210,2025
OP,D,1 1/8M,9.0,109.09,1:49.09,19-Apr-25,1210,2025
PRM,D,4 1/2F,4.5,52.34,:52.34,13-Jul-25,1210,2025
OP,D,1 3/16M,9.5,118.92,1:58.92,5-Jan-25,1210,2025
PRM,D,5F,5.0,57.54,:57.54,1-Aug-25,1210,2025
OP,D,1 1/2M,12.0,151.88,2:31.88,28-Mar-25,1210,2025
PRM,D,5 1/2F,5.5,62.76,1:02.76,9-Aug-25,1210,2025
OP,D,1 3/4M,14.0,181.44,3:01.44,3-May-25,1210,2025
PRM,D,6F,6.0,67.47,1:07.47,4-Aug-25,1210,2025
PRM,D,1M,8.0,95.15,1:35.15,31-Jul-25,1210,2025
PRM,D,1 1/16M,8.5,101.9,1:41.90,9-Aug-25,1210,2025
PEN,D,5F,5.0,56.4,:56.40,11-Jun-25,1210,2025
PRM,D,1 1/8M,9.0,110.1,1:50.10,5-Jul-25,1210,2025
PEN,D,5 1/2F,5.5,63.49,1:03.49,6-Nov-25,1210,2025
PEN,D,6F,6.0,68.74,1:08.74,11-Jul-25,1210,2025
PEN,D,1M,8.0,96.64,1:36.64,15-May-25,1210,2025
PEN,D,1 1/16M,8.5,104.03,1:44.03,13-Jun-25,1210,2025
PEN,T,5F,5.0,55.88,:55.88,15-Aug-25,1210,2025
PEN,T,1M,8.0,95.54,1:35.54,27-Jun-25,1210,2025
PRX,D,4 1/2F,4.5,52.62,:52.62,21-Jul-25,1210,2025
PEN,T,1 1/16M,8.5,100.46,1:40.46,15-Aug-25,1210,2025
PRX,D,5F,5.0,58.21,:58.21,20-Aug-25,1210,2025
PEN,T,1 1/2M,12.0,155.71,2:35.71,11-Jul-25,1210,2025
PRX,D,5 1/2F,5.5,63.33,1:03.33,7-Jan-25,1210,2025
PRX,D,6F,6.0,68.77,1:08.77,20-Sep-25,1211,2025
PRX,D,6 1/2F,6.5,74.93,1:14.93,19-Aug-25,1211,2025
SAR,D,5 1/2F,5.5,63.57,1:03.57,5-Jun-25,1211,2025
PRX,D,7F,7.0,82.06,1:22.06,17-Jun-25,1211,2025
SAR,D,6F,6.0,68.98,1:08.98,19-Jul-25,1211,2025
PRX,D,1M,8.0,96.13,1:36.13,20-Sep-25,1211,2025
SAR,D,6 1/2F,6.5,74.64,1:14.64,7-Jun-25,1211,2025
SAR,D,7F,7.0,81.11,1:21.11,6-Jun-25,1211,2025
PRX,D,1 1/16M,8.5,102.5,1:42.50,19-Aug-25,1211,2025
SAR,D,1M,8.0,95.89,1:35.89,7-Jun-25,1211,2025
PRX,D,1 1/8M,9.0,108.03,1:48.03,20-Sep-25,1211,2025
SAR,D,1 1/8M,9.0,108.23,1:48.23,6-Jun-25,1211,2025
PRX,D,1 1/2M,12.0,151.23,2:31.23,20-Sep-25,1211,2025
SAR,D,1 3/16M,9.5,116.36,1:56.36,17-Aug-25,1211,2025
SAR,D,1 1/4M,10.0,120.69,2:00.69,7-Jun-25,1211,2025
SAR,D,1 3/4M,14.0,177.86,2:57.86,6-Jun-25,1211,2025
RP,D,5F,5.0,56.92,:56.92,3-Oct-25,1211,2025
SAR,T,5 1/2F,5.5,59.9,:59.90,4-Jul-25,1211,2025
RP,D,5 1/2F,5.5,62.6,1:02.60,25-Oct-25,1211,2025
SAR,T,1M,8.0,92.81,1:32.81,5-Jul-25,1211,2025
RP,D,6F,6.0,68.78,1:08.78,15-Nov-25,1211,2025
SAR,T,1 1/16M,8.5,99.65,1:39.65,8-Aug-25,1211,2025
RP,D,6 1/2F,6.5,75.68,1:15.68,22-Nov-25,1211,2025
SAR,T,1 1/8M,9.0,104.84,1:44.84,5-Jul-25,1211,2025
RP,D,7F,7.0,82.49,1:22.49,30-Oct-25,1211,2025
SAR,T,1 3/16M,9.5,112.6,1:52.60,9-Aug-25,1211,2025
RP,D,1M,8.0,97.18,1:37.18,20-Nov-25,1211,2025
SAR,T,1 3/8M,11.0,133.54,2:13.54,30-Jul-25,1211,2025
SAR,T,1 1/2M,12.0,145.04,2:25.04,9-Aug-25,1211,2025
RP,D,1 1/16M,8.5,103.11,1:43.11,17-Oct-25,1211,2025
RP,D,1 1/8M,9.0,109.99,1:49.99,28-Sep-25,1211,2025
SRP,D,4 1/2F,4.5,50.04,:50.04,24-May-25,1211,2025
SRP,D,6 1/2F,6.5,76.58,1:16.58,19-Apr-25,1211,2025
RP,T,5F,5.0,55.49,:55.49,12-Sep-25,1211,2025
SRP,D,7F,7.0,84.6,1:24.60,3-May-25,1211,2025
SRP,D,7 1/2F,7.5,90.89,1:30.89,3-May-25,1211,2025
RP,T,7 1/2F,7.5,87.91,1:27.91,12-Sep-25,1211,2025
SRP,D,1M,8.0,97.13,1:37.13,4-May-25,1211,2025
SRP,D,1 1/8M,9.0,113.64,1:53.64,25-May-25,1211,2025
RP,T,1M,8.0,95.34,1:35.34,16-Oct-25,1211,2025
RP,T,1 1/16M,8.5,102.12,1:42.12,28-Sep-25,1211,2025
RP,T,1 1/8M,9.0,107.84,1:47.84,28-Sep-25,1211,2025
SUN,D,4 1/2F,4.5,50.43,:50.43,6-Apr-25,1211,2025
SUN,D,5F,5.0,57.23,:57.23,21-Mar-25,1211,2025
SUN,D,5 1/2F,5.5,61.99,1:01.99,13-Mar-25,1211,2025
SA,D,4 1/2F,4.5,51.9,:51.90,16-May-25,1211,2025
SUN,D,6F,6.0,68.75,1:08.75,21-Mar-25,1211,2025
SUN,D,6 1/2F,6.5,75.04,1:15.04,6-Apr-25,1211,2025
SA,D,5F,5.0,57.35,:57.35,13-Jun-25,1211,2025
SUN,D,1M,8.0,96.71,1:36.71,7-Feb-25,1211,2025
SA,D,5 1/2F,5.5,62.69,1:02.69,4-Apr-25,1211,2025
SA,D,6F,6.0,68.6,1:08.60,15-Feb-25,1211,2025
SUN,D,1 1/16M,8.5,102.64,1:42.64,16-Feb-25,1211,2025
SA,D,6 1/2F,6.5,74.82,1:14.82,14-Mar-25,1211,2025
SUN,D,1 1/8M,9.0,108.95,1:48.95,6-Apr-25,1211,2025
SA,D,7F,7.0,80.97,1:20.97,28-Dec-25,1211,2025
SA,D,1M,8.0,94.96,1:34.96,8-Mar-25,1211,2025
SA,D,1 1/16M,8.5,101.92,1:41.92,8-Jun-25,1211,2025
SA,D,1 1/8M,9.0,108.3,1:48.30,25-May-25,1211,2025
SWF,D,5F,5.0,67.88,1:07.88,28-Sep-25,1211,2025
SA,D,1 1/4M,10.0,121.64,2:01.64,26-May-25,1211,2025
SWF,D,5 1/2F,5.5,66.2,1:06.20,17-Aug-25,1211,2025
SWF,D,6F,6.0,71.29,1:11.29,21-Sep-25,1211,2025
SWF,D,6 1/2F,6.5,79.0,1:19.00,13-Sep-25,1211,2025
SA,T,5F,5.0,55.3,:55.30,16-Feb-25,1211,2025
SWF,D,1M,8.0,105.16,1:45.16,12-Sep-25,1211,2025
SA,T,6F,6.0,67.64,1:07.64,12-Oct-25,1211,2025
SWF,D,1 1/16M,8.5,109.35,1:49.35,28-Sep-25,1211,2025
SA,T,6 1/2F,6.5,74.08,1:14.08,26-May-25,1211,2025
SA,T,1M,8.0,92.39,1:32.39,1-Feb-25,1211,2025
SA,T,1 1/8M,9.0,106.26,1:46.26,26-May-25,1211,2025
TAM,D,5F,5.0,57.84,:57.84,12-Apr-25,1211,2025
SA,T,1 1/4M,10.0,118.74,1:58.74,27-Sep-25,1211,2025
TAM,D,5 1/2F,5.5,63.38,1:03.38,15-Mar-25,1211,2025
SA,T,1 1/2M,12.0,144.73,2:24.73,22-Mar-25,1211,2025
TAM,D,6F,6.0,69.07,1:09.07,6-Dec-25,1211,2025
TAM,D,6 1/2F,6.5,75.67,1:15.67,23-Mar-25,1211,2025
TAM,D,7F,7.0,81.2,1:21.20,8-Mar-25,1212,2025
TUP,T,7 1/2F,7.5,87.45,1:27.45,12-Feb-25,1212,2025
TAM,D,1 1/16M,8.5,101.2,1:41.20,8-Mar-25,1212,2025
TUP,T,1M,8.0,93.75,1:33.75,22-Mar-25,1212,2025
TAM,T,5F,5.0,55.47,:55.47,22-Feb-25,1212,2025
TUP,T,1 1/16M,8.5,103.82,1:43.82,11-Feb-25,1212,2025
TAM,T,1M,8.0,93.24,1:33.24,8-Mar-25,1212,2025
TAM,T,1 1/16M,8.5,98.83,1:38.83,1-Feb-25,1212,2025
TUP,T,1 3/8M,11.0,135.04,2:15.04,3-May-25,1212,2025
TAM,T,1 1/8M,9.0,106.5,1:46.50,30-Mar-25,1212,2025
TAM,T,1 3/8M,11.0,136.21,2:16.21,22-Mar-25,1212,2025
UN,D,5F,5.0,58.3,:58.30,6-Jun-25,1212,2025
UN,D,5 1/2F,5.5,64.1,1:04.10,7-Jun-25,1212,2025
TDN,D,5F,5.0,59.54,:59.54,15-Oct-25,1212,2025
UN,D,6 1/2F,6.5,86.0,1:26.00,8-Jun-25,1212,2025
TDN,D,5 1/2F,5.5,64.02,1:04.02,25-Jun-25,1212,2025
TDN,D,6F,6.0,69.98,1:09.98,11-Sep-25,1212,2025
TDN,D,1M,8.0,97.63,1:37.63,10-Jul-25,1212,2025
WO,D,4 1/2F,4.5,52.69,:52.69,11-May-25,1212,2025
TDN,D,1 1/16M,8.5,106.28,1:46.28,21-Jun-25,1212,2025
WO,D,5F,5.0,57.06,:57.06,30-Aug-25,1212,2025
TDN,D,1 1/8M,9.0,110.72,1:50.72,21-Jun-25,1212,2025
WO,D,5 1/2F,5.5,62.28,1:02.28,4-May-25,1212,2025
TDN,D,1 1/4M,10.0,126.13,2:06.13,14-Aug-25,1212,2025
WO,D,6F,6.0,68.17,1:08.17,31-May-25,1212,2025
WO,D,6 1/2F,6.5,75.02,1:15.02,7-Sep-25,1212,2025
WO,D,7F,7.0,81.19,1:21.19,13-Sep-25,1212,2025
WO,D,1 1/16M,8.5,102.26,1:42.26,31-May-25,1212,2025
WO,D,1 1/8M,9.0,109.28,1:49.28,28-Jun-25,1212,2025
WO,D,1 1/4M,10.0,123.68,2:03.68,16-Aug-25,1212,2025
WO,D,1 1/2M,12.0,154.4,2:34.40,6-Dec-25,1212,2025
TIM,D,4F,4.0,46.36,:46.36,23-Aug-25,1212,2025
WO,T,5F,5.0,55.63,:55.63,21-Sep-25,1212,2025
WO,T,6F,6.0,67.62,1:07.62,10-Aug-25,1212,2025
TIM,D,1M,8.0,98.89,1:38.89,22-Aug-25,1212,2025
WO,T,6 1/2F,6.5,73.91,1:13.91,5-Jul-25,1212,2025
TIM,D,1 1/16M,8.5,107.55,1:47.55,22-Aug-25,1212,2025
WO,T,7F,7.0,79.62,1:19.62,6-Jul-25,1212,2025
WO,T,7 1/2F,7.5,88.46,1:28.46,31-Jul-25,1212,2025
WO,T,1M,8.0,93.51,1:33.51,26-Jul-25,1212,2025
WO,T,1 1/16M,8.5,100.85,1:40.85,7-Aug-25,1212,2025
TP,D,5F,5.0,58.39,:58.39,3-Dec-25,1212,2025
WO,T,1 1/8M,9.0,107.39,1:47.39,19-Jul-25,1212,2025
TP,D,5 1/2F,5.5,64.02,1:04.02,6-Dec-25,1212,2025
TP,D,6F,6.0,69.05,1:09.05,21-Dec-25,1212,2025
WO,T,1 1/4M,10.0,119.38,1:59.38,2-Aug-25,1212,2025
TP,D,6 1/2F,6.5,75.3,1:15.30,6-Dec-25,1212,2025
WO,T,1 3/8M,11.0,135.4,2:15.40,6-Sep-25,1212,2025
TP,D,1M,8.0,96.33,1:36.33,4-Dec-25,1212,2025
WO,T,1 1/2M,12.0,147.52,2:27.52,4-Oct-25,1212,2025
TP,D,1 1/16M,8.5,103.53,1:43.53,11-Dec-25,1212,2025
TP,D,1 1/8M,9.0,109.08,1:49.08,22-Mar-25,1212,2025
TP,D,1 1/4M,10.0,121.11,2:01.11,6-Dec-25,1212,2025
WRD,D,5F,5.0,57.69,:57.69,28-Apr-25,1212,2025
TP,D,1 1/2M,12.0,153.67,2:33.67,28-Mar-25,1212,2025
WRD,D,5 1/2F,5.5,63.71,1:03.71,29-Apr-25,1212,2025
WRD,D,6F,6.0,69.25,1:09.25,28-Apr-25,1212,2025
WRD,D,1M,8.0,97.09,1:37.09,3-May-25,1212,2025
TUP,D,4 1/2F,4.5,50.19,:50.19,8-Dec-25,1212,2025
TUP,D,5F,5.0,55.81,:55.81,29-Apr-25,1212,2025
TUP,D,5 1/2F,5.5,62.33,1:02.33,3-Apr-25,1212,2025
WYO,D,4F,4.0,45.3,:45.30,6-Jul-25,1212,2025
TUP,D,6F,6.0,67.36,1:07.36,22-Mar-25,1212,2025
WYO,D,4 1/2F,4.5,50.49,:50.49,3-Aug-25,1212,2025
TUP,D,6 1/2F,6.5,73.61,1:13.61,22-Mar-25,1212,2025
WYO,D,5F,5.0,57.1,:57.10,26-Jul-25,1212,2025
TUP,D,1M,8.0,94.94,1:34.94,12-Feb-25,1212,2025
WYO,D,5 1/2F,5.5,63.7,1:03.70,12-Jul-25,1212,2025
TUP,D,1 1/16M,8.5,102.58,1:42.58,22-Mar-25,1212,2025
WYO,D,5 1/2F,5.5,63.7,1:03.70,27-Jul-25,1213,2025
ZIA,D,6F,6.0,67.85,1:07.85,4-Nov-25,1213,2025
WYO,D,6F,6.0,69.1,1:09.10,27-Jul-25,1213,2025
ZIA,D,6 1/2F,6.5,74.31,1:14.31,10-Nov-25,1213,2025
ZIA,D,1M,8.0,96.39,1:36.39,8-Dec-25,1213,2025
WYO,D,7 1/2F,7.5,91.7,1:31.70,6-Jul-25,1213,2025
WYO,D,1M,8.0,98.2,1:38.20,10-Aug-25,1213,2025
ZIA,D,1 1/16M,8.5,102.52,1:42.52,1-Dec-25,1213,2025
ZIA,D,4 1/2F,4.5,51.03,:51.03,17-Nov-25,1213,2025
ZIA,D,5F,5.0,56.53,:56.53,17-Nov-25,1213,2025
ZIA,D,5 1/2F,5.5,62.11,1:02.11,3-Nov-25,1213,2025
